<metadata xml:lang="en"><Esri><CreaDate>20190417</CreaDate><CreaTime>19004300</CreaTime><ArcGISFormat>1.0</ArcGISFormat><SyncOnce>FALSE</SyncOnce><DataProperties><lineage><Process ToolSource="c:\program files (x86)\arcgis\desktop10.6\ArcToolbox\Toolboxes\Conversion Tools.tbx\FeatureClassToFeatureClass" Date="20190417" Time="141243">FeatureClassToFeatureClass "permit_dob Events" C:\Users\user\Desktop\Capstone\working\wc.gdb permits # "field "field" true true false 4 Long 0 0 ,First,#,permit_dob Events,field,-1,-1;ï»¿BOROUGH "ï»¿BOROUGH" true true false 255 Text 0 0 ,First,#,permit_dob Events,ï»¿BOROUGH,-1,-1;CENSUS_TRACT "CENSUS_TRACT" true true false 4 Long 0 0 ,First,#,permit_dob Events,CENSUS_TRACT,-1,-1;NTA_NAME "NTA_NAME" true true false 255 Text 0 0 ,First,#,permit_dob Events,NTA_NAME,-1,-1;Zip_Code "Zip Code" true true false 4 Long 0 0 ,First,#,permit_dob Events,Zip_Code,-1,-1;Block "Block" true true false 4 Long 0 0 ,First,#,permit_dob Events,Block,-1,-1;Lot "Lot" true true false 4 Long 0 0 ,First,#,permit_dob Events,Lot,-1,-1;LATITUDE "LATITUDE" true true false 8 Double 0 0 ,First,#,permit_dob Events,LATITUDE,-1,-1;LONGITUDE "LONGITUDE" true true false 8 Double 0 0 ,First,#,permit_dob Events,LONGITUDE,-1,-1;Job_Type "Job Type" true true false 255 Text 0 0 ,First,#,permit_dob Events,Job_Type,-1,-1;Work_Type "Work Type" true true false 255 Text 0 0 ,First,#,permit_dob Events,Work_Type,-1,-1;Permit_Type "Permit Type" true true false 255 Text 0 0 ,First,#,permit_dob Events,Permit_Type,-1,-1;Permit_Subtype "Permit Subtype" true true false 255 Text 0 0 ,First,#,permit_dob Events,Permit_Subtype,-1,-1;Oil_Gas "Oil Gas" true true false 255 Text 0 0 ,First,#,permit_dob Events,Oil_Gas,-1,-1;Site_Fill "Site Fill" true true false 255 Text 0 0 ,First,#,permit_dob Events,Site_Fill,-1,-1;Issuance_Date "Issuance Date" true true false 255 Text 0 0 ,First,#,permit_dob Events,Issuance_Date,-1,-1;Expiration_Date "Expiration Date" true true false 255 Text 0 0 ,First,#,permit_dob Events,Expiration_Date,-1,-1;Job_Start_Date "Job Start Date" true true false 255 Text 0 0 ,First,#,permit_dob Events,Job_Start_Date,-1,-1;JobStartDate "JobStartDate" true true false 8 Date 0 0 ,First,#,permit_dob Events,JobStartDate,-1,-1;ExpireDate "ExpireDate" true true false 8 Date 0 0 ,First,#,permit_dob Events,ExpireDate,-1,-1;JobYear "JobYear" true true false 4 Long 0 0 ,First,#,permit_dob Events,JobYear,-1,-1;IssueDate "IssueDate" true true false 8 Date 0 0 ,First,#,permit_dob Events,IssueDate,-1,-1;ExpireYear "ExpireYear" true true false 4 Long 0 0 ,First,#,permit_dob Events,ExpireYear,-1,-1;IssueYear "IssueYear" true true false 4 Long 0 0 ,First,#,permit_dob Events,IssueYear,-1,-1" #</Process><Process ToolSource="c:\program files (x86)\arcgis\desktop10.6\ArcToolbox\Toolboxes\Data Management Tools.tbx\Project" Date="20190417" Time="190102">Project permits C:\Users\user\Documents\ArcGIS\Default.gdb\permits_Project GEOGCS['GCS_North_American_1983',DATUM['D_North_American_1983',SPHEROID['GRS_1980',6378137.0,298.257222101]],PRIMEM['Greenwich',0.0],UNIT['Degree',0.0174532925199433]] # GEOGCS['WGS84(DD)',DATUM['WGS84',SPHEROID['WGS84',6378137.0,298.257223563]],PRIMEM['Greenwich',0.0],UNIT['degree',0.0174532925199433]] NO_PRESERVE_SHAPE # NO_VERTICAL</Process><Process ToolSource="c:\program files (x86)\arcgis\desktop10.6\ArcToolbox\Toolboxes\Conversion Tools.tbx\FeatureClassToFeatureClass" Date="20190417" Time="190157">FeatureClassToFeatureClass permits_Project C:\Users\user\Desktop\Capstone\working\wc.gdb permits_projected # "field "field" true true false 4 Long 0 0 ,First,#,permits_Project,field,-1,-1;ï»¿BOROUGH "ï»¿BOROUGH" true true false 255 Text 0 0 ,First,#,permits_Project,ï»¿BOROUGH,-1,-1;CENSUS_TRACT "CENSUS_TRACT" true true false 4 Long 0 0 ,First,#,permits_Project,CENSUS_TRACT,-1,-1;NTA_NAME "NTA_NAME" true true false 255 Text 0 0 ,First,#,permits_Project,NTA_NAME,-1,-1;Zip_Code "Zip Code" true true false 4 Long 0 0 ,First,#,permits_Project,Zip_Code,-1,-1;Block "Block" true true false 4 Long 0 0 ,First,#,permits_Project,Block,-1,-1;Lot "Lot" true true false 4 Long 0 0 ,First,#,permits_Project,Lot,-1,-1;LATITUDE "LATITUDE" true true false 8 Double 0 0 ,First,#,permits_Project,LATITUDE,-1,-1;LONGITUDE "LONGITUDE" true true false 8 Double 0 0 ,First,#,permits_Project,LONGITUDE,-1,-1;Job_Type "Job Type" true true false 255 Text 0 0 ,First,#,permits_Project,Job_Type,-1,-1;Work_Type "Work Type" true true false 255 Text 0 0 ,First,#,permits_Project,Work_Type,-1,-1;Permit_Type "Permit Type" true true false 255 Text 0 0 ,First,#,permits_Project,Permit_Type,-1,-1;Permit_Subtype "Permit Subtype" true true false 255 Text 0 0 ,First,#,permits_Project,Permit_Subtype,-1,-1;Oil_Gas "Oil Gas" true true false 255 Text 0 0 ,First,#,permits_Project,Oil_Gas,-1,-1;Site_Fill "Site Fill" true true false 255 Text 0 0 ,First,#,permits_Project,Site_Fill,-1,-1;Issuance_Date "Issuance Date" true true false 255 Text 0 0 ,First,#,permits_Project,Issuance_Date,-1,-1;Expiration_Date "Expiration Date" true true false 255 Text 0 0 ,First,#,permits_Project,Expiration_Date,-1,-1;Job_Start_Date "Job Start Date" true true false 255 Text 0 0 ,First,#,permits_Project,Job_Start_Date,-1,-1;JobStartDate "JobStartDate" true true false 8 Date 0 0 ,First,#,permits_Project,JobStartDate,-1,-1;ExpireDate "ExpireDate" true true false 8 Date 0 0 ,First,#,permits_Project,ExpireDate,-1,-1;JobYear "JobYear" true true false 4 Long 0 0 ,First,#,permits_Project,JobYear,-1,-1;IssueDate "IssueDate" true true false 8 Date 0 0 ,First,#,permits_Project,IssueDate,-1,-1;ExpireYear "ExpireYear" true true false 4 Long 0 0 ,First,#,permits_Project,ExpireYear,-1,-1;IssueYear "IssueYear" true true false 4 Long 0 0 ,First,#,permits_Project,IssueYear,-1,-1" #</Process><Process ToolSource="c:\program files (x86)\arcgis\desktop10.6\ArcToolbox\Toolboxes\Analysis Tools.tbx\SpatialJoin" Date="20190417" Time="203659">SpatialJoin permits_projected cleaned_censusblkgrp C:\Users\user\Desktop\Capstone\permits_blkgrp\permits.shp JOIN_ONE_TO_ONE KEEP_ALL "field "field" true true false 4 Long 0 0 ,First,#,permits_projected,field,-1,-1;ï»¿BOROUGH "ï»¿BOROUGH" true true false 255 Text 0 0 ,First,#,permits_projected,ï»¿BOROUGH,-1,-1;CENSUS_TRACT "CENSUS_TRACT" true true false 4 Long 0 0 ,First,#,permits_projected,CENSUS_TRACT,-1,-1;NTA_NAME "NTA_NAME" true true false 255 Text 0 0 ,First,#,permits_projected,NTA_NAME,-1,-1;Zip_Code "Zip Code" true true false 4 Long 0 0 ,First,#,permits_projected,Zip_Code,-1,-1;Block "Block" true true false 4 Long 0 0 ,First,#,permits_projected,Block,-1,-1;Lot "Lot" true true false 4 Long 0 0 ,First,#,permits_projected,Lot,-1,-1;LATITUDE "LATITUDE" true true false 8 Double 0 0 ,First,#,permits_projected,LATITUDE,-1,-1;LONGITUDE "LONGITUDE" true true false 8 Double 0 0 ,First,#,permits_projected,LONGITUDE,-1,-1;Job_Type "Job Type" true true false 255 Text 0 0 ,First,#,permits_projected,Job_Type,-1,-1;Work_Type "Work Type" true true false 255 Text 0 0 ,First,#,permits_projected,Work_Type,-1,-1;Permit_Type "Permit Type" true true false 255 Text 0 0 ,First,#,permits_projected,Permit_Type,-1,-1;Permit_Subtype "Permit Subtype" true true false 255 Text 0 0 ,First,#,permits_projected,Permit_Subtype,-1,-1;Oil_Gas "Oil Gas" true true false 255 Text 0 0 ,First,#,permits_projected,Oil_Gas,-1,-1;Site_Fill "Site Fill" true true false 255 Text 0 0 ,First,#,permits_projected,Site_Fill,-1,-1;Issuance_Date "Issuance Date" true true false 255 Text 0 0 ,First,#,permits_projected,Issuance_Date,-1,-1;Expiration_Date "Expiration Date" true true false 255 Text 0 0 ,First,#,permits_projected,Expiration_Date,-1,-1;Job_Start_Date "Job Start Date" true true false 255 Text 0 0 ,First,#,permits_projected,Job_Start_Date,-1,-1;JobStartDate "JobStartDate" true true false 8 Date 0 0 ,First,#,permits_projected,JobStartDate,-1,-1;ExpireDate "ExpireDate" true true false 8 Date 0 0 ,First,#,permits_projected,ExpireDate,-1,-1;JobYear "JobYear" true true false 4 Long 0 0 ,First,#,permits_projected,JobYear,-1,-1;IssueDate "IssueDate" true true false 8 Date 0 0 ,First,#,permits_projected,IssueDate,-1,-1;ExpireYear "ExpireYear" true true false 4 Long 0 0 ,First,#,permits_projected,ExpireYear,-1,-1;IssueYear "IssueYear" true true false 4 Long 0 0 ,First,#,permits_projected,IssueYear,-1,-1;GEOID_Data "GEOID_Data" true true false 80 Text 0 0 ,First,#,cleaned_censusblkgrp,GEOID_Data,-1,-1;total_popu "total_popu" true true false 8 Double 0 0 ,First,#,cleaned_censusblkgrp,total_popu,-1,-1;white_popu "white_popu" true true false 8 Double 0 0 ,First,#,cleaned_censusblkgrp,white_popu,-1,-1;african_am "african_am" true true false 8 Double 0 0 ,First,#,cleaned_censusblkgrp,african_am,-1,-1;american_i "american_i" true true false 8 Double 0 0 ,First,#,cleaned_censusblkgrp,american_i,-1,-1;asian_popu "asian_popu" true true false 8 Double 0 0 ,First,#,cleaned_censusblkgrp,asian_popu,-1,-1;native_haw "native_haw" true true false 8 Double 0 0 ,First,#,cleaned_censusblkgrp,native_haw,-1,-1;Count_ "Count_" true true false 8 Double 0 0 ,First,#,cleaned_censusblkgrp,Count_,-1,-1;GEOID "GEOID" true true false 80 Text 0 0 ,First,#,cleaned_censusblkgrp,GEOID,-1,-1;per_capita "per_capita" true true false 8 Double 0 0 ,First,#,cleaned_censusblkgrp,per_capita,-1,-1;white_po_1 "white_po_1" true true false 8 Double 0 0 ,First,#,cleaned_censusblkgrp,white_po_1,-1,-1;african__1 "african__1" true true false 8 Double 0 0 ,First,#,cleaned_censusblkgrp,african__1,-1,-1;asian_po_1 "asian_po_1" true true false 8 Double 0 0 ,First,#,cleaned_censusblkgrp,asian_po_1,-1,-1;native_h_1 "native_h_1" true true false 8 Double 0 0 ,First,#,cleaned_censusblkgrp,native_h_1,-1,-1;american_1 "american_1" true true false 8 Double 0 0 ,First,#,cleaned_censusblkgrp,american_1,-1,-1;Shape_Length "Shape_Length" false true true 8 Double 0 0 ,First,#,cleaned_censusblkgrp,Shape_Length,-1,-1;Shape_Area "Shape_Area" false true true 8 Double 0 0 ,First,#,cleaned_censusblkgrp,Shape_Area,-1,-1" INTERSECT # #</Process></lineage><itemProps><itemLocation><linkage Sync="TRUE">file://\\QY-WINDOWS\C$\Users\user\Desktop\Capstone\permits_blkgrp\permits.shp</linkage><protocol Sync="TRUE">Local Area Network</protocol></itemLocation><itemName Sync="TRUE">permits</itemName><imsContentType Sync="TRUE">002</imsContentType><itemSize Sync="TRUE">0.000</itemSize></itemProps><coordRef><type Sync="TRUE">Geographic</type><geogcsn Sync="TRUE">GCS_North_American_1983</geogcsn><csUnits Sync="TRUE">Angular Unit: Degree (0.017453)</csUnits><peXml Sync="TRUE">&lt;GeographicCoordinateSystem xsi:type='typens:GeographicCoordinateSystem' xmlns:xsi='http://www.w3.org/2001/XMLSchema-instance' xmlns:xs='http://www.w3.org/2001/XMLSchema' xmlns:typens='http://www.esri.com/schemas/ArcGIS/10.6'&gt;&lt;WKT&gt;GEOGCS[&amp;quot;GCS_North_American_1983&amp;quot;,DATUM[&amp;quot;D_North_American_1983&amp;quot;,SPHEROID[&amp;quot;GRS_1980&amp;quot;,6378137.0,298.257222101]],PRIMEM[&amp;quot;Greenwich&amp;quot;,0.0],UNIT[&amp;quot;Degree&amp;quot;,0.0174532925199433],AUTHORITY[&amp;quot;EPSG&amp;quot;,4269]]&lt;/WKT&gt;&lt;XOrigin&gt;-400&lt;/XOrigin&gt;&lt;YOrigin&gt;-400&lt;/YOrigin&gt;&lt;XYScale&gt;11258999068426.238&lt;/XYScale&gt;&lt;ZOrigin&gt;-100000&lt;/ZOrigin&gt;&lt;ZScale&gt;10000&lt;/ZScale&gt;&lt;MOrigin&gt;-100000&lt;/MOrigin&gt;&lt;MScale&gt;10000&lt;/MScale&gt;&lt;XYTolerance&gt;8.9831528411952133e-09&lt;/XYTolerance&gt;&lt;ZTolerance&gt;0.001&lt;/ZTolerance&gt;&lt;MTolerance&gt;0.001&lt;/MTolerance&gt;&lt;HighPrecision&gt;true&lt;/HighPrecision&gt;&lt;LeftLongitude&gt;-180&lt;/LeftLongitude&gt;&lt;WKID&gt;4269&lt;/WKID&gt;&lt;LatestWKID&gt;4269&lt;/LatestWKID&gt;&lt;/GeographicCoordinateSystem&gt;</peXml></coordRef></DataProperties><SyncDate>20190417</SyncDate><SyncTime>20362700</SyncTime><ModDate>20190417</ModDate><ModTime>20362700</ModTime></Esri><dataIdInfo><envirDesc Sync="TRUE"> Version 6.2 (Build 9200) ; Esri ArcGIS 10.6.1.9270</envirDesc><dataLang><languageCode value="eng" Sync="TRUE"></languageCode><countryCode value="SGP" Sync="TRUE"></countryCode></dataLang><idCitation><resTitle Sync="TRUE">permits</resTitle><presForm><PresFormCd value="005" Sync="TRUE"></PresFormCd></presForm></idCitation><spatRpType><SpatRepTypCd value="001" Sync="TRUE"></SpatRepTypCd></spatRpType></dataIdInfo><mdLang><languageCode value="eng" Sync="TRUE"></languageCode><countryCode value="SGP" Sync="TRUE"></countryCode></mdLang><distInfo><distFormat><formatName Sync="TRUE">Shapefile</formatName></distFormat><distTranOps><transSize Sync="TRUE">0.000</transSize></distTranOps></distInfo><mdHrLv><ScopeCd value="005" Sync="TRUE"></ScopeCd></mdHrLv><mdHrLvName Sync="TRUE">dataset</mdHrLvName><refSysInfo><RefSystem><refSysID><identCode code="4269" Sync="TRUE"></identCode><idCodeSpace Sync="TRUE">EPSG</idCodeSpace><idVersion Sync="TRUE">6.12(3.0.1)</idVersion></refSysID></RefSystem></refSysInfo><spatRepInfo><VectSpatRep><geometObjs Name="permits"><geoObjTyp><GeoObjTypCd value="004" Sync="TRUE"></GeoObjTypCd></geoObjTyp><geoObjCnt Sync="TRUE">0</geoObjCnt></geometObjs><topLvl><TopoLevCd value="001" Sync="TRUE"></TopoLevCd></topLvl></VectSpatRep></spatRepInfo><spdoinfo><ptvctinf><esriterm Name="permits"><efeatyp Sync="TRUE">Simple</efeatyp><efeageom code="1" Sync="TRUE"></efeageom><esritopo Sync="TRUE">FALSE</esritopo><efeacnt Sync="TRUE">0</efeacnt><spindex Sync="TRUE">FALSE</spindex><linrefer Sync="TRUE">FALSE</linrefer></esriterm></ptvctinf></spdoinfo><eainfo><detailed Name="permits"><enttyp><enttypl Sync="TRUE">permits</enttypl><enttypt Sync="TRUE">Feature Class</enttypt><enttypc Sync="TRUE">0</enttypc></enttyp><attr><attrlabl Sync="TRUE">FID</attrlabl><attalias Sync="TRUE">FID</attalias><attrtype Sync="TRUE">OID</attrtype><attwidth Sync="TRUE">4</attwidth><atprecis Sync="TRUE">0</atprecis><attscale Sync="TRUE">0</attscale><attrdef Sync="TRUE">Internal feature number.</attrdef><attrdefs Sync="TRUE">Esri</attrdefs><attrdomv><udom Sync="TRUE">Sequential unique whole numbers that are automatically generated.</udom></attrdomv></attr><attr><attrlabl Sync="TRUE">Shape</attrlabl><attalias Sync="TRUE">Shape</attalias><attrtype Sync="TRUE">Geometry</attrtype><attwidth Sync="TRUE">0</attwidth><atprecis Sync="TRUE">0</atprecis><attscale Sync="TRUE">0</attscale><attrdef Sync="TRUE">Feature geometry.</attrdef><attrdefs Sync="TRUE">Esri</attrdefs><attrdomv><udom Sync="TRUE">Coordinates defining the features.</udom></attrdomv></attr><attr><attrlabl Sync="TRUE">Join_Count</attrlabl><attalias Sync="TRUE">Join_Count</attalias><attrtype Sync="TRUE">Integer</attrtype><attwidth Sync="TRUE">10</attwidth><atprecis Sync="TRUE">10</atprecis><attscale Sync="TRUE">0</attscale></attr><attr><attrlabl Sync="TRUE">TARGET_FID</attrlabl><attalias Sync="TRUE">TARGET_FID</attalias><attrtype Sync="TRUE">Integer</attrtype><attwidth Sync="TRUE">10</attwidth><atprecis Sync="TRUE">10</atprecis><attscale Sync="TRUE">0</attscale></attr><attr><attrlabl Sync="TRUE">field</attrlabl><attalias Sync="TRUE">field</attalias><attrtype Sync="TRUE">Integer</attrtype><attwidth Sync="TRUE">10</attwidth><atprecis Sync="TRUE">10</atprecis><attscale Sync="TRUE">0</attscale></attr><attr><attrlabl Sync="TRUE">ï»¿BORO</attrlabl><attalias Sync="TRUE">ï»¿BORO</attalias><attrtype Sync="TRUE">String</attrtype><attwidth Sync="TRUE">254</attwidth><atprecis Sync="TRUE">0</atprecis><attscale Sync="TRUE">0</attscale></attr><attr><attrlabl Sync="TRUE">CENSUS_TRA</attrlabl><attalias Sync="TRUE">CENSUS_TRA</attalias><attrtype Sync="TRUE">Integer</attrtype><attwidth Sync="TRUE">10</attwidth><atprecis Sync="TRUE">10</atprecis><attscale Sync="TRUE">0</attscale></attr><attr><attrlabl Sync="TRUE">NTA_NAME</attrlabl><attalias Sync="TRUE">NTA_NAME</attalias><attrtype Sync="TRUE">String</attrtype><attwidth Sync="TRUE">254</attwidth><atprecis Sync="TRUE">0</atprecis><attscale Sync="TRUE">0</attscale></attr><attr><attrlabl Sync="TRUE">Zip_Code</attrlabl><attalias Sync="TRUE">Zip_Code</attalias><attrtype Sync="TRUE">Integer</attrtype><attwidth Sync="TRUE">10</attwidth><atprecis Sync="TRUE">10</atprecis><attscale Sync="TRUE">0</attscale></attr><attr><attrlabl Sync="TRUE">Block</attrlabl><attalias Sync="TRUE">Block</attalias><attrtype Sync="TRUE">Integer</attrtype><attwidth Sync="TRUE">10</attwidth><atprecis Sync="TRUE">10</atprecis><attscale Sync="TRUE">0</attscale></attr><attr><attrlabl Sync="TRUE">Lot</attrlabl><attalias Sync="TRUE">Lot</attalias><attrtype Sync="TRUE">Integer</attrtype><attwidth Sync="TRUE">10</attwidth><atprecis Sync="TRUE">10</atprecis><attscale Sync="TRUE">0</attscale></attr><attr><attrlabl Sync="TRUE">LATITUDE</attrlabl><attalias Sync="TRUE">LATITUDE</attalias><attrtype Sync="TRUE">Double</attrtype><attwidth Sync="TRUE">19</attwidth><atprecis Sync="TRUE">0</atprecis><attscale Sync="TRUE">0</attscale></attr><attr><attrlabl Sync="TRUE">LONGITUDE</attrlabl><attalias Sync="TRUE">LONGITUDE</attalias><attrtype Sync="TRUE">Double</attrtype><attwidth Sync="TRUE">19</attwidth><atprecis Sync="TRUE">0</atprecis><attscale Sync="TRUE">0</attscale></attr><attr><attrlabl Sync="TRUE">Job_Type</attrlabl><attalias Sync="TRUE">Job_Type</attalias><attrtype Sync="TRUE">String</attrtype><attwidth Sync="TRUE">254</attwidth><atprecis Sync="TRUE">0</atprecis><attscale Sync="TRUE">0</attscale></attr><attr><attrlabl Sync="TRUE">Work_Type</attrlabl><attalias Sync="TRUE">Work_Type</attalias><attrtype Sync="TRUE">String</attrtype><attwidth Sync="TRUE">254</attwidth><atprecis Sync="TRUE">0</atprecis><attscale Sync="TRUE">0</attscale></attr><attr><attrlabl Sync="TRUE">Permit_Typ</attrlabl><attalias Sync="TRUE">Permit_Typ</attalias><attrtype Sync="TRUE">String</attrtype><attwidth Sync="TRUE">254</attwidth><atprecis Sync="TRUE">0</atprecis><attscale Sync="TRUE">0</attscale></attr><attr><attrlabl Sync="TRUE">Permit_Sub</attrlabl><attalias Sync="TRUE">Permit_Sub</attalias><attrtype Sync="TRUE">String</attrtype><attwidth Sync="TRUE">254</attwidth><atprecis Sync="TRUE">0</atprecis><attscale Sync="TRUE">0</attscale></attr><attr><attrlabl Sync="TRUE">Oil_Gas</attrlabl><attalias Sync="TRUE">Oil_Gas</attalias><attrtype Sync="TRUE">String</attrtype><attwidth Sync="TRUE">254</attwidth><atprecis Sync="TRUE">0</atprecis><attscale Sync="TRUE">0</attscale></attr><attr><attrlabl Sync="TRUE">Site_Fill</attrlabl><attalias Sync="TRUE">Site_Fill</attalias><attrtype Sync="TRUE">String</attrtype><attwidth Sync="TRUE">254</attwidth><atprecis Sync="TRUE">0</atprecis><attscale Sync="TRUE">0</attscale></attr><attr><attrlabl Sync="TRUE">Issuance_D</attrlabl><attalias Sync="TRUE">Issuance_D</attalias><attrtype Sync="TRUE">String</attrtype><attwidth Sync="TRUE">254</attwidth><atprecis Sync="TRUE">0</atprecis><attscale Sync="TRUE">0</attscale></attr><attr><attrlabl Sync="TRUE">Expiration</attrlabl><attalias Sync="TRUE">Expiration</attalias><attrtype Sync="TRUE">String</attrtype><attwidth Sync="TRUE">254</attwidth><atprecis Sync="TRUE">0</atprecis><attscale Sync="TRUE">0</attscale></attr><attr><attrlabl Sync="TRUE">Job_Start_</attrlabl><attalias Sync="TRUE">Job_Start_</attalias><attrtype Sync="TRUE">String</attrtype><attwidth Sync="TRUE">254</attwidth><atprecis Sync="TRUE">0</atprecis><attscale Sync="TRUE">0</attscale></attr><attr><attrlabl Sync="TRUE">JobStartDa</attrlabl><attalias Sync="TRUE">JobStartDa</attalias><attrtype Sync="TRUE">Date</attrtype><attwidth Sync="TRUE">8</attwidth><atprecis Sync="TRUE">0</atprecis><attscale Sync="TRUE">0</attscale></attr><attr><attrlabl Sync="TRUE">ExpireDate</attrlabl><attalias Sync="TRUE">ExpireDate</attalias><attrtype Sync="TRUE">Date</attrtype><attwidth Sync="TRUE">8</attwidth><atprecis Sync="TRUE">0</atprecis><attscale Sync="TRUE">0</attscale></attr><attr><attrlabl Sync="TRUE">JobYear</attrlabl><attalias Sync="TRUE">JobYear</attalias><attrtype Sync="TRUE">Integer</attrtype><attwidth Sync="TRUE">10</attwidth><atprecis Sync="TRUE">10</atprecis><attscale Sync="TRUE">0</attscale></attr><attr><attrlabl Sync="TRUE">IssueDate</attrlabl><attalias Sync="TRUE">IssueDate</attalias><attrtype Sync="TRUE">Date</attrtype><attwidth Sync="TRUE">8</attwidth><atprecis Sync="TRUE">0</atprecis><attscale Sync="TRUE">0</attscale></attr><attr><attrlabl Sync="TRUE">ExpireYear</attrlabl><attalias Sync="TRUE">ExpireYear</attalias><attrtype Sync="TRUE">Integer</attrtype><attwidth Sync="TRUE">10</attwidth><atprecis Sync="TRUE">10</atprecis><attscale Sync="TRUE">0</attscale></attr><attr><attrlabl Sync="TRUE">IssueYear</attrlabl><attalias Sync="TRUE">IssueYear</attalias><attrtype Sync="TRUE">Integer</attrtype><attwidth Sync="TRUE">10</attwidth><atprecis Sync="TRUE">10</atprecis><attscale Sync="TRUE">0</attscale></attr><attr><attrlabl Sync="TRUE">GEOID_Data</attrlabl><attalias Sync="TRUE">GEOID_Data</attalias><attrtype Sync="TRUE">String</attrtype><attwidth Sync="TRUE">80</attwidth><atprecis Sync="TRUE">0</atprecis><attscale Sync="TRUE">0</attscale></attr><attr><attrlabl Sync="TRUE">total_popu</attrlabl><attalias Sync="TRUE">total_popu</attalias><attrtype Sync="TRUE">Double</attrtype><attwidth Sync="TRUE">19</attwidth><atprecis Sync="TRUE">0</atprecis><attscale Sync="TRUE">0</attscale></attr><attr><attrlabl Sync="TRUE">white_popu</attrlabl><attalias Sync="TRUE">white_popu</attalias><attrtype Sync="TRUE">Double</attrtype><attwidth Sync="TRUE">19</attwidth><atprecis Sync="TRUE">0</atprecis><attscale Sync="TRUE">0</attscale></attr><attr><attrlabl Sync="TRUE">african_am</attrlabl><attalias Sync="TRUE">african_am</attalias><attrtype Sync="TRUE">Double</attrtype><attwidth Sync="TRUE">19</attwidth><atprecis Sync="TRUE">0</atprecis><attscale Sync="TRUE">0</attscale></attr><attr><attrlabl Sync="TRUE">american_i</attrlabl><attalias Sync="TRUE">american_i</attalias><attrtype Sync="TRUE">Double</attrtype><attwidth Sync="TRUE">19</attwidth><atprecis Sync="TRUE">0</atprecis><attscale Sync="TRUE">0</attscale></attr><attr><attrlabl Sync="TRUE">asian_popu</attrlabl><attalias Sync="TRUE">asian_popu</attalias><attrtype Sync="TRUE">Double</attrtype><attwidth Sync="TRUE">19</attwidth><atprecis Sync="TRUE">0</atprecis><attscale Sync="TRUE">0</attscale></attr><attr><attrlabl Sync="TRUE">native_haw</attrlabl><attalias Sync="TRUE">native_haw</attalias><attrtype Sync="TRUE">Double</attrtype><attwidth Sync="TRUE">19</attwidth><atprecis Sync="TRUE">0</atprecis><attscale Sync="TRUE">0</attscale></attr><attr><attrlabl Sync="TRUE">Count_</attrlabl><attalias Sync="TRUE">Count_</attalias><attrtype Sync="TRUE">Double</attrtype><attwidth Sync="TRUE">19</attwidth><atprecis Sync="TRUE">0</atprecis><attscale Sync="TRUE">0</attscale></attr><attr><attrlabl Sync="TRUE">GEOID</attrlabl><attalias Sync="TRUE">GEOID</attalias><attrtype Sync="TRUE">String</attrtype><attwidth Sync="TRUE">80</attwidth><atprecis Sync="TRUE">0</atprecis><attscale Sync="TRUE">0</attscale></attr><attr><attrlabl Sync="TRUE">per_capita</attrlabl><attalias Sync="TRUE">per_capita</attalias><attrtype Sync="TRUE">Double</attrtype><attwidth Sync="TRUE">19</attwidth><atprecis Sync="TRUE">0</atprecis><attscale Sync="TRUE">0</attscale></attr><attr><attrlabl Sync="TRUE">white_po_1</attrlabl><attalias Sync="TRUE">white_po_1</attalias><attrtype Sync="TRUE">Double</attrtype><attwidth Sync="TRUE">19</attwidth><atprecis Sync="TRUE">0</atprecis><attscale Sync="TRUE">0</attscale></attr><attr><attrlabl Sync="TRUE">african__1</attrlabl><attalias Sync="TRUE">african__1</attalias><attrtype Sync="TRUE">Double</attrtype><attwidth Sync="TRUE">19</attwidth><atprecis Sync="TRUE">0</atprecis><attscale Sync="TRUE">0</attscale></attr><attr><attrlabl Sync="TRUE">asian_po_1</attrlabl><attalias Sync="TRUE">asian_po_1</attalias><attrtype Sync="TRUE">Double</attrtype><attwidth Sync="TRUE">19</attwidth><atprecis Sync="TRUE">0</atprecis><attscale Sync="TRUE">0</attscale></attr><attr><attrlabl Sync="TRUE">native_h_1</attrlabl><attalias Sync="TRUE">native_h_1</attalias><attrtype Sync="TRUE">Double</attrtype><attwidth Sync="TRUE">19</attwidth><atprecis Sync="TRUE">0</atprecis><attscale Sync="TRUE">0</attscale></attr><attr><attrlabl Sync="TRUE">american_1</attrlabl><attalias Sync="TRUE">american_1</attalias><attrtype Sync="TRUE">Double</attrtype><attwidth Sync="TRUE">19</attwidth><atprecis Sync="TRUE">0</atprecis><attscale Sync="TRUE">0</attscale></attr><attr><attrlabl Sync="TRUE">Shape_Leng</attrlabl><attalias Sync="TRUE">Shape_Leng</attalias><attrtype Sync="TRUE">Double</attrtype><attwidth Sync="TRUE">19</attwidth><atprecis Sync="TRUE">0</atprecis><attscale Sync="TRUE">0</attscale></attr><attr><attrlabl Sync="TRUE">Shape_Area</attrlabl><attalias Sync="TRUE">Shape_Area</attalias><attrtype Sync="TRUE">Double</attrtype><attwidth Sync="TRUE">19</attwidth><atprecis Sync="TRUE">0</atprecis><attscale Sync="TRUE">0</attscale><attrdef Sync="TRUE">Area of feature in internal units squared.</attrdef><attrdefs Sync="TRUE">Esri</attrdefs><attrdomv><udom Sync="TRUE">Positive real numbers that are automatically generated.</udom></attrdomv></attr></detailed></eainfo><mdDateSt Sync="TRUE">20190417</mdDateSt></metadata>
